kode_kabkota,kabupaten_kota,provinsi,area_km2,road_length_km,road_density,symbol_lon,symbol_lat
11.01,Aceh Selatan,Aceh,4174.2331,166.1879,3.9813,97.4692,3.0672
11.02,Aceh Tenggara,Aceh,4179.1232,72.0165,1.7232,97.7454,3.3393
11.03,Aceh Timur,Aceh,5409.1578,103.8654,1.9202,97.643,4.7025
11.04,Aceh Tengah,Aceh,4468.4174,202.3249,4.5279,96.9618,4.5644
11.05,Aceh Barat,Aceh,2782.3765,58.1474,2.0898,96.1796,4.4286
11.06,Aceh Besar,Aceh,2890.77,187.9796,6.5028,95.4956,5.3543
11.07,Pidie,Aceh,3177.0625,142.841,4.496,95.9402,5.1225
11.08,Aceh Utara,Aceh,2705.0533,85.5778,3.1636,97.1621,4.9999
11.09,Simeulue,Aceh,1828.856,75.542,4.1306,96.0224,2.629
11.10,Aceh Singkil,Aceh,1852.1378,68.2665,3.6858,97.9242,2.3763
11.11,Bireuen,Aceh,1797.0427,104.6139,5.8214,96.5919,5.0833
11.12,Aceh Barat Daya,Aceh,1881.8637,63.721,3.3861,96.8511,3.8345
11.13,Gayo Lues,Aceh,5541.2845,122.8797,2.2175,97.3316,3.978
11.14,Aceh Jaya,Aceh,3870.5173,131.5761,3.3994,95.6998,4.812
11.15,Nagan Raya,Aceh,3523.3051,174.0253,4.9393,96.5273,4.1822
11.16,Aceh Tamiang,Aceh,2187.8171,42.1641,1.9272,97.912,4.2056
11.17,Bener Meriah,Aceh,1907.3993,56.4595,2.96,96.9792,4.7757
11.18,Pidie Jaya,Aceh,938.8675,37.7255,4.0182,96.2124,5.1033
11.71,Kota Banda Aceh,Aceh,56.8565,26.8788,47.2748,95.3311,5.564
11.72,Kota Sabang,Aceh,121.8672,58.9048,48.3353,95.3375,5.8394
11.73,Kota Lhokseumawe,Aceh,132.9661,32.0512,24.1048,97.1144,5.1611
11.74,Kota Langsa,Aceh,224.2033,31.3477,13.9818,97.977,4.4813
11.75,Kota Subulussalam,Aceh,1183.6008,62.8894,5.3134,97.9274,2.7553
12.01,Tapanuli Tengah,Sumatera Utara,2308.071,188.955,8.1867,98.6749,1.8677
12.02,Tapanuli Utara,Sumatera Utara,3895.6042,140.5326,3.6075,99.0628,2.0242
12.03,Tapanuli Selatan,Sumatera Utara,4201.7979,161.8936,3.853,99.2226,1.5507
12.04,Nias,Sumatera Utara,902.6177,51.2535,5.6783,97.7283,1.0938
12.05,Langkat,Sumatera Utara,6141.0672,84.3514,1.3736,98.1763,3.761
12.06,Karo,Sumatera Utara,2206.8763,155.1636,7.0309,98.3328,3.0804
12.07,Deli Serdang,Sumatera Utara,2581.4915,122.3269,4.7386,98.7159,3.4747
12.08,Simalungun,Sumatera Utara,4601.4773,156.3415,3.3976,98.7843,2.9507
12.09,Asahan,Sumatera Utara,3738.4205,83.2826,2.2277,99.6233,2.8518
12.10,Labuhanbatu,Sumatera Utara,2772.3449,43.9899,1.5867,100.1893,2.2633
12.11,Dairi,Sumatera Utara,2083.6042,139.4501,6.6927,98.3118,2.8291
12.12,Toba,Sumatera Utara,2291.6162,64.4443,2.8122,99.2553,2.3838
12.13,Mandailing Natal,Sumatera Utara,6546.5591,314.4752,4.8037,99.4407,0.7871
12.14,Nias Selatan,Sumatera Utara,2531.6273,109.767,4.3358,98.6887,0.1261
12.15,Pakpak Bharat,Sumatera Utara,1365.6074,39.3313,2.8801,98.2554,2.5247
12.16,Humbang Hasundutan,Sumatera Utara,2351.5144,43.7387,1.86,98.6009,2.2376
12.17,Samosir,Sumatera Utara,1850.0349,170.3347,9.2071,98.737,2.5768
12.18,Serdang Bedagai,Sumatera Utara,1949.9781,68.6933,3.5228,98.9995,3.3481
12.19,Batu Bara,Sumatera Utara,888.6757,75.279,8.4709,99.5031,3.2239
12.20,Padang Lawas Utara,Sumatera Utara,3945.5575,77.7921,1.9716,99.7951,1.6296
12.21,Padang Lawas,Sumatera Utara,3914.4134,0.0,0.0,99.8174,1.1539
12.22,Labuhanbatu Selatan,Sumatera Utara,3079.6107,103.769,3.3695,100.0821,1.8478
12.23,Labuhanbatu Utara,Sumatera Utara,3686.9958,55.728,1.5115,99.7678,2.4259
12.24,Nias Utara,Sumatera Utara,1238.9861,0.0,0.0,97.3387,1.3128
12.25,Nias Barat,Sumatera Utara,464.6402,0.0,0.0,97.502,1.04
12.71,Kota Medan,Sumatera Utara,279.2386,63.4524,22.7234,98.6763,3.6406
12.72,Kota Pematangsiantar,Sumatera Utara,75.9186,17.8184,23.4704,99.0585,2.9552
12.73,Kota Sibolga,Sumatera Utara,12.6451,11.8415,93.6447,98.7908,1.7402
12.74,Kota Tanjungbalai,Sumatera Utara,60.0721,12.5109,20.8266,99.7957,2.973
12.75,Kota Binjai,Sumatera Utara,93.7701,13.281,14.1634,98.4895,3.6003
12.76,Kota Tebing Tinggi,Sumatera Utara,39.1697,19.4219,49.5841,99.1558,3.3262
12.77,Kota Padangsidimpuan,Sumatera Utara,159.2984,26.7634,16.8008,99.2846,1.3894
12.78,Kota Gunungsitoli,Sumatera Utara,208.742,10.7013,5.1266,97.5533,1.3022
13.01,Pesisir Selatan,Sumatera Barat,6043.0201,248.6583,4.1148,100.9271,-1.7184
13.02,Solok,Sumatera Barat,3590.4037,134.5167,3.7466,100.8043,-0.9309
13.03,Sijunjung,Sumatera Barat,3150.5798,105.6574,3.3536,101.0683,-0.6512
13.04,Tanah Datar,Sumatera Barat,1377.1856,38.0121,2.7601,100.6362,-0.469
13.05,Padang Pariaman,Sumatera Barat,1341.8072,86.5977,6.4538,100.2744,-0.5686
13.06,Agam,Sumatera Barat,2225.1296,116.9249,5.2547,100.17,-0.2546
13.07,Lima Puluh Kota,Sumatera Barat,3273.4048,81.2876,2.4833,100.5911,0.0275
13.08,Pasaman,Sumatera Barat,3902.4439,100.0573,2.564,100.0237,0.3978
13.09,Kepulauan Mentawai,Sumatera Barat,5973.972,77.7418,1.3013,98.8952,-1.3593
13.10,Dharmasraya,Sumatera Barat,2920.925,57.4327,1.9662,101.5906,-1.2585
13.11,Solok Selatan,Sumatera Barat,3282.144,90.9516,2.7711,101.2691,-1.3647
13.12,Pasaman Barat,Sumatera Barat,3851.2517,131.6941,3.4195,99.7285,0.1849
13.71,Kota Padang,Sumatera Barat,694.3635,82.0558,11.8174,100.4492,-0.9308
13.72,Kota Solok,Sumatera Barat,58.7199,9.1494,15.5814,100.6441,-0.7803
13.73,Kota Sawahlunto,Sumatera Barat,231.9454,13.3437,5.7529,100.7595,-0.6603
13.74,Kota Padang Panjang,Sumatera Barat,23.5601,11.4833,48.7405,100.4039,-0.4704
13.75,Kota Bukittinggi,Sumatera Barat,24.1727,10.4647,43.2911,100.3728,-0.2982
13.76,Kota Payakumbuh,Sumatera Barat,74.5515,14.9869,20.1027,100.6348,-0.2305
13.77,Kota Pariaman,Sumatera Barat,64.8121,12.8049,19.7569,100.1479,-0.6126
14.01,Kampar,Riau,10352.8026,189.1505,1.827,101.1174,0.2925
14.02,Indragiri Hulu,Riau,7871.8497,139.2241,1.7686,102.2991,-0.51
14.03,Bengkalis,Riau,8600.1896,79.3913,0.9231,101.5695,1.2964
14.04,Indragiri Hilir,Riau,13518.4697,177.391,1.3122,103.2225,-0.2947
14.05,Pelalawan,Riau,13255.9822,126.7375,0.9561,102.2123,0.1602
14.06,Rokan Hulu,Riau,7658.1491,0.0,0.0,100.455,0.9051
14.07,Rokan Hilir,Riau,9068.5724,204.0812,2.2504,100.7056,1.8886
14.08,Siak,Riau,7803.3012,176.4285,2.2609,101.846,0.8185
14.09,Kuantan Singingi,Riau,5457.8626,122.1875,2.2387,101.489,-0.4875
14.10,Kepulauan Meranti,Riau,3609.3966,0.0,0.0,102.7094,0.854
14.71,Kota Pekanbaru,Riau,638.3313,53.5661,8.3916,101.4835,0.5558
14.72,Kota Dumai,Riau,2063.3667,59.014,2.8601,101.2413,1.8412
15.01,Kerinci,Jambi,3445.196,121.9356,3.5393,101.603,-2.0621
15.02,Merangin,Jambi,7540.1179,151.8408,2.0138,102.1166,-2.2104
15.03,Sarolangun,Jambi,5935.8944,130.6266,2.2006,102.6282,-2.3307
15.04,Batanghari,Jambi,5453.6892,146.4467,2.6853,103.0093,-1.8534
15.05,Muaro Jambi,Jambi,5159.6226,158.0398,3.063,103.7936,-1.7067
15.06,Tanjung Jabung Barat,Jambi,5023.7061,199.3682,3.9685,103.0583,-1.0929
15.07,Tanjung Jabung Timur,Jambi,5067.6861,60.9653,1.203,103.8746,-1.2711
15.08,Bungo,Jambi,4760.8271,123.273,2.5893,101.9849,-1.5154
15.09,Tebo,Jambi,6103.7369,115.5297,1.8928,102.417,-1.3887
15.71,Kota Jambi,Jambi,169.8873,60.0872,35.3688,103.6119,-1.6215
15.72,Kota Sungai Penuh,Jambi,364.9241,49.0018,13.428,101.3397,-2.1394
16.01,Ogan Komering Ulu,Sumatera Selatan,3774.4968,111.6708,2.9586,104.0089,-4.1043
16.02,Ogan Komering Ilir,Sumatera Selatan,17072.2611,107.5805,0.6301,105.396,-3.3288
16.03,Muara Enim,Sumatera Selatan,6763.9117,207.8406,3.0728,103.9755,-3.8307
16.04,Lahat,Sumatera Selatan,4333.0646,179.3097,4.1382,103.4184,-3.8806
16.05,Musi Rawas,Sumatera Selatan,6122.5873,137.6961,2.249,103.2156,-3.1759
16.06,Musi Banyuasin,Sumatera Selatan,14550.7883,293.9863,2.0204,103.7083,-2.4945
16.07,Banyuasin,Sumatera Selatan,12263.1703,143.0637,1.1666,105.0118,-2.3977
16.08,Ogan Komering Ulu Timur,Sumatera Selatan,3412.7162,23.3629,0.6846,104.5562,-4.13
16.09,Ogan Komering Ulu Selatan,Sumatera Selatan,4369.252,0.0,0.0,103.9455,-4.5734
16.10,Ogan Ilir,Sumatera Selatan,2302.8579,73.9717,3.2122,104.6423,-3.4194
16.11,Empat Lawang,Sumatera Selatan,2234.0968,29.9435,1.3403,102.9265,-3.7169
16.12,Penukal Abab Lematang Ilir,Sumatera Selatan,1842.5632,0.0,0.0,104.0137,-3.2087
16.13,Musi Rawas Utara,Sumatera Selatan,5937.803,63.2966,1.066,102.7463,-2.7117
16.71,Kota Palembang,Sumatera Selatan,352.523,75.2483,21.3457,104.744,-2.9781
16.72,Kota Pagar Alam,Sumatera Selatan,625.9131,43.8758,7.0099,103.2626,-4.1263
16.73,Kota Lubuk Linggau,Sumatera Selatan,367.7256,33.7173,9.1691,102.8494,-3.2543
16.74,Kota Prabumulih,Sumatera Selatan,447.3112,52.4303,11.7212,104.2276,-3.4492
17.01,Bengkulu Selatan,Bengkulu,1218.6547,92.2208,7.5674,103.001,-4.3598
17.02,Rejang Lebong,Bengkulu,1559.4189,62.3953,4.0012,102.7016,-3.4409
17.03,Bengkulu Utara,Bengkulu,4478.1196,126.6927,2.8292,101.857,-3.1882
17.04,Kaur,Bengkulu,2607.0629,86.6544,3.3238,103.3654,-4.5905
17.05,Seluma,Bengkulu,2431.5053,102.1583,4.2014,102.6751,-4.0783
17.06,Mukomuko,Bengkulu,4137.3853,150.754,3.6437,101.5692,-2.7086
17.07,Lebong,Bengkulu,1666.6214,0.0,0.0,102.2107,-3.0524
17.08,Kepahiang,Bengkulu,738.9654,33.0505,4.4725,102.6598,-3.6482
17.09,Bengkulu Tengah,Bengkulu,1132.3637,75.0951,6.6317,102.3892,-3.6738
17.71,Kota Bengkulu,Bengkulu,150.2408,52.0706,34.6581,102.3332,-3.8603
18.01,Lampung Selatan,Lampung,2227.4458,148.333,6.6593,105.5118,-5.5414
18.02,Lampung Tengah,Lampung,4559.5697,133.1309,2.9198,105.326,-4.8738
18.03,Lampung Utara,Lampung,2669.3041,90.3827,3.386,104.8625,-4.7966
18.04,Lampung Barat,Lampung,2110.1011,86.5528,4.1018,104.3022,-5.1051
18.05,Tulang Bawang,Lampung,3115.1131,135.4416,4.3479,105.5544,-4.3978
18.06,Tanggamus,Lampung,2947.2947,78.4402,2.6614,104.7743,-5.5134
18.07,Lampung Timur,Lampung,3866.4188,166.6804,4.311,105.5952,-5.1201
18.08,Way Kanan,Lampung,3522.1137,76.1522,2.1621,104.5181,-4.5668
18.09,Pesawaran,Lampung,1287.003,34.0237,2.6436,105.0846,-5.4561
18.10,Pringsewu,Lampung,617.1921,27.3355,4.429,104.9738,-5.3666
18.11,Mesuji,Lampung,2200.4137,39.4493,1.7928,105.375,-3.9753
18.12,Tulang Bawang Barat,Lampung,1257.0876,6.146,0.4889,105.1356,-4.4325
18.13,Pesisir Barat,Lampung,2936.1222,206.042,7.0175,104.1813,-5.3611
18.71,Kota Bandar Lampung,Lampung,183.7169,58.9213,32.0718,105.2608,-5.4223
18.72,Kota Metro,Lampung,73.214,9.8924,13.5116,105.3103,-5.1166
19.01,Bangka,Kepulauan Bangka Belitung,3014.1911,171.6381,5.6943,105.9362,-1.9249
19.02,Belitung,Kepulauan Bangka Belitung,2266.1139,105.9532,4.6755,107.6635,-2.8847
19.03,Bangka Selatan,Kepulauan Bangka Belitung,3595.192,95.3566,2.6523,106.2942,-2.7784
19.04,Bangka Tengah,Kepulauan Bangka Belitung,2253.9531,67.5279,2.996,106.1049,-2.4329
19.05,Bangka Barat,Kepulauan Bangka Belitung,2854.241,82.3723,2.886,105.552,-1.8412
19.06,Belitung Timur,Kepulauan Bangka Belitung,2585.0624,53.6078,2.0738,108.0032,-2.9201
19.71,Kota Pangkal Pinang,Kepulauan Bangka Belitung,104.2377,24.338,23.3485,106.1043,-2.109
21.01,Bintan,Kepulauan Riau,1311.9796,139.5001,10.6328,104.5704,1.0197
21.02,Karimun,Kepulauan Riau,916.3276,25.9413,2.831,103.4285,0.7672
21.03,Natuna,Kepulauan Riau,1977.7368,116.8062,5.9061,108.1902,3.9303
21.04,Lingga,Kepulauan Riau,2172.9817,69.5625,3.2012,104.414,-0.5096
21.05,Kepulauan Anambas,Kepulauan Riau,620.189,27.5104,4.4358,105.7604,2.939
21.71,Kota Batam,Kepulauan Riau,1021.3911,155.0277,15.1781,104.0349,1.0904
21.72,Kota Tanjung Pinang,Kepulauan Riau,149.6217,41.0657,27.4464,104.495,0.9149
31.01,Administrasi Kepulauan Seribu,Daerah Khusus Ibukota Jakarta,10.9181,0.0,0.0,106.5388,-5.7003
31.71,Kota Administrasi Jakarta Pusat,Daerah Khusus Ibukota Jakarta,47.5648,0.0,0.0,106.8425,-6.1824
31.72,Kota Administrasi Jakarta Utara,Daerah Khusus Ibukota Jakarta,147.6494,12.8311,8.6902,106.9004,-6.1357
31.73,Kota Administrasi Jakarta Barat,Daerah Khusus Ibukota Jakarta,125.0002,11.701,9.3608,106.7456,-6.1604
31.74,Kota Administrasi Jakarta Selatan,Daerah Khusus Ibukota Jakarta,144.9417,12.2212,8.4318,106.8048,-6.2837
31.75,Kota Administrasi Jakarta Timur,Daerah Khusus Ibukota Jakarta,185.5378,16.3308,8.8019,106.8821,-6.2627
32.01,Bogor,Jawa Barat,2991.7785,125.8535,4.2066,107.0018,-6.5454
32.02,Sukabumi,Jawa Barat,4163.365,211.0342,5.0688,106.7348,-7.076
32.03,Cianjur,Jawa Barat,3631.8643,208.7005,5.7464,107.0693,-7.0537
32.04,Bandung,Jawa Barat,1740.8434,80.6841,4.6348,107.6343,-7.0614
32.05,Garut,Jawa Barat,3101.0733,100.1798,3.2305,107.703,-7.3429
32.06,Tasikmalaya,Jawa Barat,2706.1974,82.3569,3.0433,108.0684,-7.4271
32.07,Ciamis,Jawa Barat,1595.9356,115.0576,7.2094,108.4059,-7.3131
32.08,Kuningan,Jawa Barat,1193.4486,33.7582,2.8286,108.5534,-6.988
32.09,Cirebon,Jawa Barat,1073.8702,100.2522,9.3356,108.4564,-6.7612
32.10,Majalengka,Jawa Barat,1331.5529,35.3457,2.6545,108.2766,-6.8072
32.11,Sumedang,Jawa Barat,1566.2044,70.3067,4.489,107.9824,-6.8098
32.12,Indramayu,Jawa Barat,2075.3296,112.8708,5.4387,108.1766,-6.4421
32.13,Subang,Jawa Barat,2170.6735,45.3395,2.0887,107.7344,-6.4985
32.14,Purwakarta,Jawa Barat,993.0917,42.9994,4.3299,107.4022,-6.5914
32.15,Karawang,Jawa Barat,1917.1215,50.0105,2.6086,107.4293,-6.2653
32.16,Bekasi,Jawa Barat,1257.1952,30.944,2.4613,107.1646,-6.2038
32.17,Bandung Barat,Jawa Barat,1283.4388,62.9923,4.9081,107.4124,-6.8977
32.18,Pangandaran,Jawa Barat,1127.7636,85.9416,7.6205,108.5563,-7.6409
32.71,Kota Bogor,Jawa Barat,111.3657,28.5141,25.604,106.8001,-6.5978
32.72,Kota Sukabumi,Jawa Barat,48.3139,7.1023,14.7002,106.9314,-6.9356
32.73,Kota Bandung,Jawa Barat,166.5931,43.9439,26.378,107.6297,-6.9032
32.74,Kota Cirebon,Jawa Barat,39.4939,17.713,44.85,108.5562,-6.7437
32.75,Kota Bekasi,Jawa Barat,213.0359,16.8004,7.8862,106.9616,-6.2853
32.76,Kota Depok,Jawa Barat,199.9062,37.3974,18.7075,106.8161,-6.3883
32.77,Kota Cimahi,Jawa Barat,42.432,5.8442,13.7731,107.5443,-6.8801
32.78,Kota Tasikmalaya,Jawa Barat,182.9636,9.4929,5.1884,108.2265,-7.36
32.79,Kota Banjar,Jawa Barat,131.0055,16.1805,12.351,108.5542,-7.3883
33.01,Cilacap,Jawa Tengah,2325.3463,186.634,8.0261,108.816,-7.4455
33.02,Banyumas,Jawa Tengah,1391.153,154.9766,11.1402,109.1163,-7.4561
33.03,Purbalingga,Jawa Tengah,805.7565,0.0,0.0,109.4,-7.3284
33.04,Banjarnegara,Jawa Tengah,1144.8962,57.7649,5.0454,109.6588,-7.356
33.05,Kebumen,Jawa Tengah,1333.7981,53.7557,4.0303,109.6129,-7.6384
33.06,Purworejo,Jawa Tengah,1081.7674,36.9196,3.4129,109.9665,-7.7071
33.07,Wonosobo,Jawa Tengah,1011.6228,30.0427,2.9698,109.9203,-7.3994
33.08,Magelang,Jawa Tengah,1129.9833,40.4399,3.5788,110.2187,-7.5147
33.09,Boyolali,Jawa Tengah,1096.6131,35.6463,3.2506,110.7058,-7.3837
33.10,Klaten,Jawa Tengah,701.5106,33.562,4.7843,110.6286,-7.6738
33.11,Sukoharjo,Jawa Tengah,493.6013,11.3664,2.3028,110.8699,-7.6819
33.12,Wonogiri,Jawa Tengah,1905.8106,33.9809,1.783,110.9505,-7.9605
33.13,Karanganyar,Jawa Tengah,802.8477,19.7261,2.457,111.0693,-7.6196
33.14,Sragen,Jawa Tengah,994.5729,32.1661,3.2342,110.953,-7.3924
33.15,Grobogan,Jawa Tengah,2023.8492,0.0,0.0,110.9002,-7.1064
33.16,Blora,Jawa Tengah,1957.2891,43.1536,2.2048,111.4196,-7.1137
33.17,Rembang,Jawa Tengah,1038.6762,86.5985,8.3374,111.4575,-6.767
33.18,Pati,Jawa Tengah,1578.0756,34.3006,2.1736,111.0878,-6.7059
33.19,Kudus,Jawa Tengah,447.445,24.5795,5.4933,110.8675,-6.7986
33.20,Jepara,Jawa Tengah,1019.9092,28.2563,2.7705,110.7831,-6.5997
33.21,Demak,Jawa Tengah,974.7596,52.3442,5.37,110.6601,-6.9282
33.22,Semarang,Jawa Tengah,1019.2705,55.7186,5.4665,110.4023,-7.2873
33.23,Temanggung,Jawa Tengah,864.8341,45.1658,5.2225,110.1221,-7.2408
33.24,Kendal,Jawa Tengah,1005.1187,49.8168,4.9563,110.141,-7.019
33.25,Batang,Jawa Tengah,857.0727,52.8773,6.1695,109.8712,-7.0314
33.26,Pekalongan,Jawa Tengah,892.1996,9.2044,1.0316,109.6197,-7.0419
33.27,Pemalang,Jawa Tengah,1134.7196,25.102,2.2122,109.3913,-7.0116
33.28,Tegal,Jawa Tengah,983.504,75.6132,7.6881,109.1476,-7.0474
33.29,Brebes,Jawa Tengah,1754.4957,95.4638,5.4411,108.8901,-7.0496
33.71,Kota Magelang,Jawa Tengah,18.5583,8.7175,46.9738,110.2192,-7.4696
33.72,Kota Surakarta,Jawa Tengah,46.8016,15.0072,32.0655,110.8211,-7.5592
33.73,Kota Salatiga,Jawa Tengah,54.9832,12.954,23.56,110.4997,-7.3382
33.74,Kota Semarang,Jawa Tengah,380.3444,56.7098,14.9101,110.3849,-7.0235
33.75,Kota Pekalongan,Jawa Tengah,45.104,10.0888,22.3679,109.6761,-6.8966
33.76,Kota Tegal,Jawa Tengah,39.0514,12.4644,31.9181,109.1151,-6.8697
34.01,Kulon Progo,Daerah Istimewa Yogyakarta,576.825,27.7882,4.8174,110.1477,-7.8136
34.02,Bantul,Daerah Istimewa Yogyakarta,511.5187,65.1666,12.7398,110.3853,-7.8979
34.03,Gunungkidul,Daerah Istimewa Yogyakarta,1475.2681,61.9771,4.2011,110.5582,-7.993
34.04,Sleman,Daerah Istimewa Yogyakarta,573.7495,88.885,15.492,110.3809,-7.6889
34.71,Kota Yogyakarta,Daerah Istimewa Yogyakarta,32.8191,0.8906,2.7137,110.3742,-7.8033
35.01,Pacitan,Jawa Timur,1434.7775,125.4802,8.7456,111.1432,-8.1005
35.02,Ponorogo,Jawa Timur,1418.6182,42.667,3.0076,111.4993,-7.971
35.03,Trenggalek,Jawa Timur,1249.3733,113.7113,9.1015,111.6536,-8.131
35.04,Tulungagung,Jawa Timur,1144.474,59.6189,5.2093,111.8984,-8.0729
35.05,Blitar,Jawa Timur,1745.3826,45.9298,2.6315,112.286,-8.1389
35.06,Kediri,Jawa Timur,1523.5631,40.0139,2.6263,112.1685,-7.8029
35.07,Malang,Jawa Timur,3473.7872,137.1457,3.948,112.6879,-8.105
35.08,Lumajang,Jawa Timur,1795.7208,99.4274,5.5369,113.1447,-8.1259
35.09,Jember,Jawa Timur,3314.6624,79.7009,2.4045,113.634,-8.2626
35.10,Banyuwangi,Jawa Timur,3594.1289,122.9165,3.4199,114.1415,-8.3325
35.11,Bondowoso,Jawa Timur,1554.9918,0.0,0.0,113.8831,-7.9416
35.12,Situbondo,Jawa Timur,1654.7144,109.8458,6.6384,114.265,-7.7987
35.13,Probolinggo,Jawa Timur,1725.3044,90.128,5.2239,113.3051,-7.863
35.14,Pasuruan,Jawa Timur,1493.6507,83.5282,5.5922,112.8185,-7.7508
35.15,Sidoarjo,Jawa Timur,724.7441,73.345,10.1201,112.6611,-7.4538
35.16,Mojokerto,Jawa Timur,984.38,40.6054,4.125,112.5089,-7.5411
35.17,Jombang,Jawa Timur,1109.8354,42.2642,3.8081,112.2427,-7.5615
35.18,Nganjuk,Jawa Timur,1289.0667,37.7366,2.9274,111.9465,-7.615
35.19,Madiun,Jawa Timur,1113.627,63.593,5.7104,111.6716,-7.6111
35.20,Magetan,Jawa Timur,706.4436,11.9759,1.6952,111.335,-7.6546
35.21,Ngawi,Jawa Timur,1395.8036,90.0788,6.4535,111.3907,-7.4324
35.22,Bojonegoro,Jawa Timur,2312.627,99.6106,4.3072,111.8083,-7.228
35.23,Tuban,Jawa Timur,1973.3449,92.4125,4.683,111.8938,-6.9597
35.24,Lamongan,Jawa Timur,1753.0777,70.39,4.0152,112.3278,-7.123
35.25,Gresik,Jawa Timur,1264.0585,93.5821,7.4033,112.6598,-5.7936
35.26,Bangkalan,Jawa Timur,1303.2088,111.1823,8.5314,112.8935,-7.0464
35.27,Sampang,Jawa Timur,1229.3576,76.4368,6.2176,113.2525,-7.0578
35.28,Pamekasan,Jawa Timur,796.3066,48.5993,6.1031,113.5006,-7.0687
35.29,Sumenep,Jawa Timur,2085.1375,87.8035,4.2109,113.8375,-6.9993
35.71,Kota Kediri,Jawa Timur,67.2323,20.9379,31.1427,112.0083,-7.8238
35.72,Kota Blitar,Jawa Timur,33.2032,8.0034,24.1043,112.168,-8.0957
35.73,Kota Malang,Jawa Timur,111.0765,13.2479,11.9268,112.6454,-7.9812
35.74,Kota Probolinggo,Jawa Timur,55.2135,24.1252,43.6944,113.1989,-7.7713
35.75,Kota Pasuruan,Jawa Timur,39.1246,16.5915,42.4068,112.9083,-7.6507
35.76,Kota Mojokerto,Jawa Timur,20.4803,3.9583,19.3272,112.4384,-7.4706
35.77,Kota Madiun,Jawa Timur,36.126,16.7507,46.3676,111.5258,-7.6296
35.78,Kota Surabaya,Jawa Timur,338.8684,60.8642,17.961,112.735,-7.272
35.79,Kota Batu,Jawa Timur,194.17,0.0,0.0,112.5331,-7.8361
36.01,Pandeglang,Banten,2770.2382,183.3486,6.6185,105.7995,-6.5489
36.02,Lebak,Banten,3312.2332,149.9149,4.5261,106.1872,-6.6446
36.03,Tangerang,Banten,1029.9931,28.1611,2.7341,106.4737,-6.1812
36.04,Serang,Banten,1472.9258,101.6769,6.9031,105.9885,-6.1057
36.71,Kota Tangerang,Banten,178.3475,17.5824,9.8585,106.6333,-6.1766
36.72,Kota Cilegon,Banten,162.6447,46.9385,28.8595,106.0252,-5.9784
36.73,Kota Serang,Banten,266.4513,24.132,9.0568,106.1567,-6.1171
36.74,Kota Tangerang Selatan,Banten,164.8595,10.0782,6.1132,106.712,-6.2959
51.01,Jembrana,Bali,847.5277,72.5386,8.5588,114.6692,-8.3138
51.02,Tabanan,Bali,848.5113,65.9498,7.7724,115.0719,-8.4395
51.03,Badung,Bali,397.359,61.7464,15.5392,115.1985,-8.5446
51.04,Gianyar,Bali,363.7975,64.4604,17.7188,115.2856,-8.4821
51.05,Klungkung,Bali,311.9881,34.6511,11.1065,115.5347,-8.7456
51.06,Bangli,Bali,526.7641,22.591,4.2886,115.3681,-8.3336
51.07,Karangasem,Bali,838.8638,97.7844,11.6568,115.5472,-8.3587
51.08,Buleleng,Bali,1322.2347,155.6257,11.7699,114.9948,-8.2221
51.71,Kota Denpasar,Bali,125.9666,49.5556,39.3403,115.2188,-8.6691
52.01,Lombok Barat,Nusa Tenggara Barat,919.1972,53.0839,5.775,116.1301,-8.6571
52.02,Lombok Tengah,Nusa Tenggara Barat,1167.2786,66.5428,5.7007,116.2812,-8.6824
52.03,Lombok Timur,Nusa Tenggara Barat,1602.5118,75.0057,4.6805,116.5118,-8.5837
52.05,Dompu,Nusa Tenggara Barat,2270.3147,224.8697,9.9048,118.3313,-8.5165
52.06,Bima,Nusa Tenggara Barat,4209.0294,78.0001,1.8532,118.7607,-8.5648
52.07,Sumbawa Barat,Nusa Tenggara Barat,1739.5446,66.1527,3.8029,116.9424,-8.8124
52.08,Lombok Utara,Nusa Tenggara Barat,810.1848,81.9832,10.1191,116.3091,-8.3454
52.71,Kota Mataram,Nusa Tenggara Barat,60.0635,30.1405,50.181,116.1176,-8.5887
52.72,Kota Bima,Nusa Tenggara Barat,208.3894,32.0816,15.395,118.7929,-8.4347
53.01,Kupang,Nusa Tenggara Timur,5130.6844,72.8202,1.4193,123.8782,-9.8478
53.02,Timor Tengah Selatan,Nusa Tenggara Timur,3932.0308,87.05,2.2139,124.4357,-9.8229
53.03,Timor Tengah Utara,Nusa Tenggara Timur,2622.3008,95.8871,3.6566,124.6108,-9.3406
53.04,Belu,Nusa Tenggara Timur,1126.7749,67.3976,5.9815,124.9165,-9.1753
53.05,Alor,Nusa Tenggara Timur,2919.2938,148.2484,5.0782,124.7788,-8.2911
53.06,Flores Timur,Nusa Tenggara Timur,1741.4334,124.1054,7.1266,123.1658,-8.3183
53.07,Sikka,Nusa Tenggara Timur,1670.1515,121.0595,7.2484,122.0927,-8.5948
53.08,Ende,Nusa Tenggara Timur,2085.1984,139.2387,6.6775,121.6929,-8.6731
53.09,Ngada,Nusa Tenggara Timur,1736.9678,67.357,3.8778,120.9999,-8.6499
53.10,Manggarai,Nusa Tenggara Timur,1343.4173,120.0689,8.9376,120.4395,-8.5482
53.11,Sumba Timur,Nusa Tenggara Timur,6976.3338,193.5524,2.7744,120.166,-9.7958
53.12,Sumba Barat,Nusa Tenggara Timur,755.8675,16.2521,2.1501,119.4391,-9.5879
53.13,Lembata,Nusa Tenggara Timur,1263.9948,60.4385,4.7815,123.5446,-8.3782
53.14,Rote Ndao,Nusa Tenggara Timur,1277.9941,53.6797,4.2003,123.2085,-10.6873
53.15,Manggarai Barat,Nusa Tenggara Timur,3121.3373,86.4799,2.7706,120.0612,-8.5743
53.16,Nagekeo,Nusa Tenggara Timur,1398.0378,102.2928,7.3169,121.2689,-8.6744
53.17,Sumba Tengah,Nusa Tenggara Timur,1786.6529,54.2901,3.0386,119.6689,-9.587
53.18,Sumba Barat Daya,Nusa Tenggara Timur,1381.9568,36.8208,2.6644,119.1651,-9.544
53.19,Manggarai Timur,Nusa Tenggara Timur,2389.5121,80.2986,3.3605,120.6866,-8.5739
53.20,Sabu Raijua,Nusa Tenggara Timur,457.6404,44.5292,9.7302,121.8886,-10.5222
53.21,Malaka,Nusa Tenggara Timur,1109.2173,5.6111,0.5059,124.8764,-9.5457
53.71,Kota Kupang,Nusa Tenggara Timur,158.8845,61.3002,38.5816,123.591,-10.209
61.01,Sambas,Kalimantan Barat,5930.2697,199.5777,3.3654,109.4027,1.5201
61.02,Mempawah,Kalimantan Barat,1936.3561,127.066,6.5621,109.1023,0.3438
61.03,Sanggau,Kalimantan Barat,12452.2415,330.0001,2.6501,110.5471,0.3502
61.04,Ketapang,Kalimantan Barat,30113.674,357.681,1.1878,110.4652,-1.6801
61.05,Sintang,Kalimantan Barat,22025.7727,139.3009,0.6324,111.5655,0.1927
61.06,Kapuas Hulu,Kalimantan Barat,31318.2613,415.3969,1.3264,112.7965,0.8274
61.07,Bengkayang,Kalimantan Barat,5488.2074,155.9588,2.8417,109.7689,1.0336
61.08,Landak,Kalimantan Barat,8430.7106,182.4457,2.1641,109.707,0.5037
61.09,Sekadau,Kalimantan Barat,5979.0437,54.2211,0.9069,110.9423,0.027
61.10,Melawi,Kalimantan Barat,10122.5134,30.6033,0.3023,111.656,-0.7239
61.11,Kayong Utara,Kalimantan Barat,4109.5424,13.2565,0.3226,110.0588,-1.0434
61.12,Kubu Raya,Kalimantan Barat,8548.2528,76.0857,0.8901,109.5268,-0.3326
61.71,Kota Pontianak,Kalimantan Barat,118.2088,28.1916,23.849,109.3281,-0.03
61.72,Kota Singkawang,Kalimantan Barat,550.4555,26.9481,4.8956,109.0359,0.8816
62.01,Kotawaringin Barat,Kalimantan Tengah,9475.0777,147.4905,1.5566,111.6519,-2.5042
62.02,Kotawaringin Timur,Kalimantan Tengah,15542.5414,181.7053,1.1691,112.7863,-2.2465
62.03,Kapuas,Kalimantan Tengah,17033.2954,197.6852,1.1606,114.3374,-1.9246
62.04,Barito Selatan,Kalimantan Tengah,6267.0842,117.681,1.8778,114.7801,-1.9233
62.05,Barito Utara,Kalimantan Tengah,9984.8079,272.1087,2.7252,115.0451,-0.7542
62.06,Katingan,Kalimantan Tengah,20382.6944,149.8773,0.7353,113.3373,-1.8609
62.07,Seruyan,Kalimantan Tengah,15210.9807,82.8738,0.5448,112.1648,-2.1202
62.08,Sukamara,Kalimantan Tengah,3168.3504,18.3427,0.5789,111.1937,-2.5341
62.09,Lamandau,Kalimantan Tengah,7672.2483,137.9272,1.7977,111.4173,-1.7789
62.10,Gunung Mas,Kalimantan Tengah,9305.7564,230.4415,2.4763,113.544,-0.9735
62.11,Pulang Pisau,Kalimantan Tengah,9650.7406,130.9102,1.3565,114.0404,-2.4971
62.12,Murung Raya,Kalimantan Tengah,23575.3285,116.2948,0.4933,114.1225,-0.0368
62.13,Barito Timur,Kalimantan Tengah,3212.5153,109.6056,3.4118,115.1774,-2.0053
62.71,Kota Palangkaraya,Kalimantan Tengah,2848.6991,134.2283,4.7119,113.7262,-1.9935
63.01,Tanah Laut,Kalimantan Selatan,3841.849,139.5755,3.633,114.9891,-3.8441
63.02,Kotabaru,Kalimantan Selatan,9346.6502,181.2747,1.9395,115.8589,-2.795
63.03,Banjar,Kalimantan Selatan,4585.8669,108.1894,2.3592,115.0293,-3.2792
63.04,Barito Kuala,Kalimantan Selatan,2420.4408,75.4845,3.1186,114.6735,-3.0116
63.05,Tapin,Kalimantan Selatan,2155.939,103.499,4.8006,115.0083,-2.8614
63.06,Hulu Sungai Selatan,Kalimantan Selatan,1697.2244,82.4892,4.8602,115.1609,-2.7181
63.07,Hulu Sungai Tengah,Kalimantan Selatan,1573.5382,52.9833,3.3671,115.43,-2.6177
63.08,Hulu Sungai Utara,Kalimantan Selatan,907.4908,30.3293,3.3421,115.1615,-2.4244
63.09,Tabalong,Kalimantan Selatan,3473.069,120.9833,3.4835,115.5154,-1.836
63.10,Tanah Bumbu,Kalimantan Selatan,4885.8291,223.9718,4.5841,115.699,-3.4333
63.11,Balangan,Kalimantan Selatan,1828.5133,27.0946,1.4818,115.621,-2.2867
63.71,Kota Banjarmasin,Kalimantan Selatan,98.3721,24.31,24.7123,114.5975,-3.3247
63.72,Kota Banjarbaru,Kalimantan Selatan,305.1526,29.3387,9.6145,114.7851,-3.474
64.01,Paser,Kalimantan Timur,10780.9002,227.1938,2.1074,116.0188,-1.6879
64.02,Kutai Kartanegara,Kalimantan Timur,26912.0659,305.6241,1.1356,116.1532,0.1953
64.03,Berau,Kalimantan Timur,21000.4635,310.7929,1.4799,117.2687,1.7768
64.07,Kutai Barat,Kalimantan Timur,13611.1678,267.6719,1.9666,115.7435,-0.4121
64.08,Kutai Timur,Kalimantan Timur,31572.6909,400.8066,1.2695,117.011,0.9453
64.09,Penajam Paser Utara,Kalimantan Timur,3197.2768,58.2329,1.8213,116.5674,-1.1973
64.11,Mahakam Ulu,Kalimantan Timur,18492.2352,0.0,0.0,115.3126,0.6237
64.71,Kota Balikpapan,Kalimantan Timur,509.3483,46.0019,9.0315,116.8997,-1.1478
64.72,Kota Samarinda,Kalimantan Timur,716.7833,49.9,6.9617,117.1564,-0.516
64.74,Kota Bontang,Kalimantan Timur,160.2208,9.1185,5.6912,117.4603,0.1136
65.01,Bulungan,Kalimantan Utara,13721.7351,177.0393,1.2902,117.0741,2.7618
65.02,Malinau,Kalimantan Utara,38901.4493,41.5246,0.1067,115.6922,2.6187
65.03,Nunukan,Kalimantan Utara,13542.7011,286.7247,2.1172,116.9836,3.9076
65.04,Tana Tidung,Kalimantan Utara,3482.2827,65.1526,1.871,116.938,3.5413
65.71,Kota Tarakan,Kalimantan Utara,249.3204,5.3218,2.1345,117.5985,3.3411
71.01,Bolaang Mongondow,Sulawesi Utara,3291.1363,214.6062,6.5207,123.987,0.721
71.02,Minahasa,Sulawesi Utara,1128.2271,163.9043,14.5276,124.9043,1.2423
71.03,Kepulauan Sangihe,Sulawesi Utara,595.6801,176.9444,29.7046,125.5466,3.5527
71.04,Kepulauan Talaud,Sulawesi Utara,1009.9464,206.5284,20.4494,126.8136,4.2694
71.05,Minahasa Selatan,Sulawesi Utara,1455.9386,163.2985,11.216,124.436,1.0705
71.06,Minahasa Utara,Sulawesi Utara,993.5768,150.042,15.1012,125.0004,1.5184
71.07,Minahasa Tenggara,Sulawesi Utara,752.6012,63.7854,8.4753,124.7307,0.9883
71.08,Bolaang Mongondow Utara,Sulawesi Utara,1643.9302,93.7435,5.7024,123.4838,0.7604
71.09,Kep. Siau Tagulandang Biaro,Sulawesi Utara,215.5306,0.0,0.0,125.4202,2.3495
71.10,Bolaang Mongondow Timur,Sulawesi Utara,859.5185,85.6656,9.9667,124.4895,0.7116
71.11,Bolaang Mongondow Selatan,Sulawesi Utara,1773.3296,202.4784,11.418,124.1797,0.4537
71.71,Kota Manado,Sulawesi Utara,162.0647,49.2847,30.4105,124.8863,1.5054
71.72,Kota Bitung,Sulawesi Utara,329.575,38.0895,11.5571,125.1593,1.4969
71.73,Kota Tomohon,Sulawesi Utara,169.0644,24.9172,14.7383,124.8052,1.324
71.74,Kota Kotamobagu,Sulawesi Utara,108.8926,23.3516,21.4446,124.3144,0.7113
72.01,Banggai,Sulawesi Tengah,8240.7432,338.1541,4.1034,122.3193,-1.0927
72.02,Poso,Sulawesi Tengah,7544.9831,257.5756,3.4139,120.5433,-1.6749
72.03,Donggala,Sulawesi Tengah,5122.7432,319.0163,6.2275,119.6758,-1.048
72.04,Toli-Toli,Sulawesi Tengah,3696.0724,287.2612,7.7721,120.8752,0.9718
72.05,Buol,Sulawesi Tengah,3719.5243,183.299,4.928,121.5411,0.996
72.06,Morowali,Sulawesi Tengah,4434.6698,183.1634,4.1303,121.877,-2.715
72.07,Banggai Kepulauan,Sulawesi Tengah,2379.5027,0.0,0.0,123.3918,-1.3989
72.08,Parigi Moutong,Sulawesi Tengah,5799.656,394.3352,6.7993,119.9597,-0.2369
72.09,Tojo Una Una,Sulawesi Tengah,5650.0558,166.8876,2.9537,121.6401,-1.2266
72.10,Sigi,Sulawesi Tengah,5225.4345,0.0,0.0,119.9312,-1.456
72.11,Banggai Laut,Sulawesi Tengah,674.3798,0.0,0.0,123.1026,-1.8429
72.12,Morowali Utara,Sulawesi Tengah,8645.0032,180.6877,2.0901,121.1543,-1.8696
72.71,Kota Palu,Sulawesi Tengah,356.2086,47.705,13.3924,120.0185,-0.7992
73.01,Kepulauan Selayar,Sulawesi Selatan,1151.6118,104.0136,9.032,120.9504,-7.2958
73.02,Bulukumba,Sulawesi Selatan,1175.4044,87.5859,7.4516,120.2431,-5.4544
73.03,Bantaeng,Sulawesi Selatan,391.0162,27.2456,6.9679,119.9859,-5.4714
73.04,Jeneponto,Sulawesi Selatan,795.6389,60.3527,7.5854,119.6107,-5.5427
73.05,Takalar,Sulawesi Selatan,552.459,25.6137,4.6363,119.4651,-5.4493
73.06,Gowa,Sulawesi Selatan,1812.982,21.779,1.2013,119.7681,-5.3298
73.07,Sinjai,Sulawesi Selatan,865.5901,35.2934,4.0774,120.1441,-5.2001
73.08,Bone,Sulawesi Selatan,4568.6691,231.2403,5.0614,120.0943,-4.6809
73.09,Maros,Sulawesi Selatan,1443.8935,94.0592,6.5143,119.6921,-4.9652
73.10,Pangkajene Dan Kepulauan,Sulawesi Selatan,878.2026,41.258,4.698,119.589,-4.7538
73.11,Barru,Sulawesi Selatan,1201.6487,66.297,5.5172,119.6778,-4.4338
73.12,Soppeng,Sulawesi Selatan,1385.5463,0.0,0.0,119.912,-4.3219
73.13,Wajo,Sulawesi Selatan,2504.861,126.9459,5.068,120.1281,-3.9658
73.14,Sidenreng Rappang,Sulawesi Selatan,1935.3203,67.6982,3.498,120.0352,-3.8101
73.15,Pinrang,Sulawesi Selatan,1893.9864,69.4028,3.6644,119.6048,-3.6568
73.16,Enrekang,Sulawesi Selatan,1808.0812,84.5548,4.6765,119.8845,-3.5301
73.17,Luwu,Sulawesi Selatan,2900.476,102.6878,3.5404,120.221,-3.3489
73.18,Tana Toraja,Sulawesi Selatan,2042.3569,91.2759,4.4691,119.7662,-3.0643
73.22,Luwu Utara,Sulawesi Selatan,7421.3334,69.9048,0.9419,120.1322,-2.4317
73.24,Luwu Timur,Sulawesi Selatan,6745.6016,168.8799,2.5036,121.0873,-2.5178
73.26,Toraja Utara,Sulawesi Selatan,1289.1341,31.3963,2.4355,119.8421,-2.8848
73.71,Kota Makassar,Sulawesi Selatan,177.1715,35.195,19.865,119.4647,-5.146
73.72,Kota Parepare,Sulawesi Selatan,89.6117,30.9114,34.4948,119.6618,-4.0202
73.73,Kota Palopo,Sulawesi Selatan,272.8835,57.8936,21.2155,120.1231,-2.9774
74.01,Kolaka,Sulawesi Tenggara,2959.5885,179.3998,6.0616,121.6928,-4.1216
74.02,Konawe,Sulawesi Tenggara,5358.1229,109.9166,2.0514,121.6523,-3.5117
74.03,Muna,Sulawesi Tenggara,1854.8324,104.1489,5.615,122.7016,-4.9225
74.04,Buton,Sulawesi Tenggara,1665.2142,169.5375,10.1811,122.9551,-5.3591
74.05,Konawe Selatan,Sulawesi Tenggara,4232.5776,187.7185,4.4351,122.4503,-4.26
74.06,Bombana,Sulawesi Tenggara,3291.0429,151.9531,4.6172,121.7571,-4.6392
74.07,Wakatobi,Sulawesi Tenggara,454.7399,21.6784,4.7672,123.5848,-5.3159
74.08,Kolaka Utara,Sulawesi Tenggara,2932.2329,180.7435,6.164,121.0972,-3.2593
74.09,Konawe Utara,Sulawesi Tenggara,4218.3146,168.0574,3.984,121.9759,-3.4549
74.10,Buton Utara,Sulawesi Tenggara,1752.8586,27.0511,1.5433,122.9591,-4.7565
74.11,Kolaka Timur,Sulawesi Tenggara,3992.5311,43.081,1.079,121.7539,-3.8204
74.12,Konawe Kepulauan,Sulawesi Tenggara,703.8306,0.0,0.0,123.0985,-4.1195
74.13,Muna Barat,Sulawesi Tenggara,814.9519,38.1292,4.6787,122.4509,-4.8209
74.14,Buton Tengah,Sulawesi Tenggara,835.555,0.0,0.0,122.3884,-5.2917
74.15,Buton Selatan,Sulawesi Tenggara,516.4977,0.0,0.0,122.6912,-5.5913
74.71,Kota Kendari,Sulawesi Tenggara,265.8245,59.9303,22.5451,122.5289,-3.9966
74.72,Kota Bau Bau,Sulawesi Tenggara,294.1299,49.3347,16.7731,122.7039,-5.4232
75.01,Gorontalo,Gorontalo,2160.1661,194.0696,8.984,122.7233,0.7012
75.02,Boalemo,Gorontalo,1830.4987,82.2888,4.4954,122.3356,0.6877
75.03,Bone Bolango,Gorontalo,1888.9511,68.2016,3.6106,123.3099,0.5563
75.04,Pohuwato,Gorontalo,4371.0192,160.9368,3.6819,121.6471,0.702
75.05,Gorontalo Utara,Gorontalo,1703.2127,221.7355,13.0187,123.0495,0.8662
75.71,Kota Gorontalo,Gorontalo,70.8253,20.9748,29.6148,123.0421,0.535
76.01,Pasangkayu,Sulawesi Barat,2901.0906,144.6646,4.9866,119.3796,-1.3461
76.02,Mamuju,Sulawesi Barat,4937.3213,144.0668,2.9179,119.389,-2.5388
76.03,Mamasa,Sulawesi Barat,3016.1298,170.6678,5.6585,119.318,-2.9964
76.04,Polewali Mandar,Sulawesi Barat,2073.8842,89.8899,4.3344,119.145,-3.3031
76.05,Majene,Sulawesi Barat,900.8427,103.0688,11.4414,118.8732,-3.2427
76.06,Mamuju Tengah,Sulawesi Barat,2756.2323,104.6789,3.7979,119.5315,-2.0212
81.01,Maluku Tengah,Maluku,8253.2607,540.993,6.5549,129.4685,-3.1214
81.02,Maluku Tenggara,Maluku,1016.4289,48.6371,4.7851,132.7226,-5.7716
81.03,Kepulauan Tanimbar,Maluku,4426.9372,225.0638,5.084,131.4224,-7.5742
81.04,Buru,Maluku,4913.8526,210.5457,4.2847,126.7233,-3.3639
81.05,Seram Bagian Timur,Maluku,5724.4904,88.7476,1.5503,130.3913,-3.4237
81.06,Seram Bagian Barat,Maluku,5006.5348,264.9521,5.2921,128.5349,-3.2011
81.07,Kepulauan Aru,Maluku,8089.7398,47.1401,0.5827,134.5162,-6.1463
81.08,Maluku Barat Daya,Maluku,4545.5232,191.4231,4.2112,126.2428,-7.7866
81.09,Buru Selatan,Maluku,3677.5076,42.9934,1.1691,126.3505,-3.4868
81.71,Kota Ambon,Maluku,236.8735,44.2572,18.6839,128.2431,-3.6848
81.72,Kota Tual,Maluku,234.6922,16.7265,7.127,132.7187,-5.5411
82.01,Halmahera Barat,Maluku Utara,2236.3292,54.3385,2.4298,127.5739,1.3628
82.02,Halmahera Tengah,Maluku Utara,2278.0849,209.0346,9.1759,128.583,0.3889
82.03,Halmahera Utara,Maluku Utara,3401.9958,189.4165,5.5678,127.8811,1.5371
82.04,Halmahera Selatan,Maluku Utara,8101.7729,98.717,1.2185,127.7162,-1.5344
82.05,Kepulauan Sula,Maluku Utara,1776.0485,58.1518,3.2742,125.8305,-1.8627
82.06,Halmahera Timur,Maluku Utara,6486.7873,189.9358,2.928,128.2489,1.0028
82.07,Pulau Morotai,Maluku Utara,2336.2838,185.6604,7.9468,128.4419,2.3129
82.08,Pulau Taliabu,Maluku Utara,2974.2669,0.0,0.0,124.8303,-1.8317
82.71,Kota Ternate,Maluku Utara,161.9478,44.0012,27.17,127.341,0.8104
82.72,Kota Tidore Kepulauan,Maluku Utara,1703.3743,143.5844,8.4294,127.7107,0.3824
91.03,Jayapura,Papua,14082.3496,184.7939,1.3122,139.947,-3.0369
91.05,Kepulauan Yapen,Papua,2424.7891,66.1807,2.7293,136.3659,-1.7559
91.06,Biak Numfor,Papua,2257.1862,80.929,3.5854,135.9414,-0.9425
91.10,Sarmi,Papua,14068.5031,199.8138,1.4203,139.2365,-2.5558
91.11,Keerom,Papua,9526.46,261.4242,2.7442,140.6799,-3.4136
91.15,Waropen,Papua,10782.4914,0.0,0.0,136.663,-2.7324
91.19,Supiori,Papua,658.5551,0.0,0.0,135.6069,-0.7536
91.20,Mamberamo Raya,Papua,26741.1668,0.0,0.0,137.7283,-2.4416
91.71,Kota Jayapura,Papua,835.3253,85.3904,10.2224,140.8134,-2.6652
92.02,Manokwari,Papua Barat,2764.4935,154.9995,5.6068,133.7537,-0.9779
92.03,Fak Fak,Papua Barat,9737.2247,178.7196,1.8354,133.0882,-3.2729
92.06,Teluk Bintuni,Papua Barat,19943.5032,110.8015,0.5556,133.1526,-2.1845
92.07,Teluk Wondama,Papua Barat,4847.4527,70.5745,1.4559,134.5661,-2.6325
92.08,Kaimana,Papua Barat,17879.7906,77.6814,0.4345,134.3069,-3.5124
92.11,Manokwari Selatan,Papua Barat,1836.9649,143.1408,7.7922,134.0704,-1.5252
92.12,Pegunungan Arfak,Papua Barat,3298.8114,0.0,0.0,133.6594,-1.2562
93.01,Merauke,Papua Selatan,45007.3507,273.0141,0.6066,140.0074,-7.8714
93.02,Boven Digoel,Papua Selatan,23558.7121,262.8946,1.1159,140.4307,-6.1278
93.03,Mappi,Papua Selatan,24262.1456,0.0,0.0,139.2813,-6.3397
93.04,Asmat,Papua Selatan,25021.5628,0.0,0.0,138.8026,-5.5328
94.01,Nabire,Papua Tengah,11801.2378,358.8281,3.0406,135.8571,-3.3261
94.02,Puncak Jaya,Papua Tengah,5986.1899,47.47,0.793,137.8733,-3.4414
94.03,Paniai,Papua Tengah,5306.8711,20.4068,0.3845,136.3791,-3.7442
94.04,Mimika,Papua Tengah,18304.7123,115.9328,0.6333,136.8977,-4.5879
94.05,Puncak,Papua Tengah,7701.0301,0.0,0.0,137.489,-3.6261
94.06,Dogiyai,Papua Tengah,3792.9283,43.7926,1.1546,135.7153,-4.0505
94.07,Intan Jaya,Papua Tengah,5334.446,0.0,0.0,136.7185,-3.5231
94.08,Deiyai,Papua Tengah,2846.4117,60.6093,2.1293,136.3634,-4.1877
95.01,Jayawijaya,Papua Pegunungan,2629.0097,164.7553,6.2668,138.9443,-4.115
95.02,Pegunungan Bintang,Papua Pegunungan,13753.3547,131.5117,0.9562,140.5581,-4.4655
95.03,Yahukimo,Papua Pegunungan,16365.941,25.0949,0.1533,139.4403,-4.3742
95.04,Tolikara,Papua Pegunungan,4285.3338,50.2662,1.173,138.3276,-3.3384
95.05,Mamberamo Tengah,Papua Pegunungan,4101.4856,15.9879,0.3898,139.0726,-3.5317
95.06,Yalimo,Papua Pegunungan,3148.308,66.7936,2.1216,139.5439,-3.7471
95.07,Lanny Jaya,Papua Pegunungan,2339.7746,60.2019,2.573,138.3493,-3.9968
95.08,Nduga,Papua Pegunungan,5886.8914,0.0,0.0,138.2259,-4.4103
96.01,Sorong,Papua Barat Daya,7567.6633,163.4624,2.16,131.5334,-1.155
96.02,Sorong Selatan,Papua Barat Daya,6559.9326,34.0343,0.5188,132.1483,-1.6431
96.03,Raja Ampat,Papua Barat Daya,7423.1402,6.2365,0.084,130.071,-1.8671
96.04,Tambrauw,Papua Barat Daya,11962.0094,205.175,1.7152,132.7392,-0.8504
96.05,Maybrat,Papua Barat Daya,5385.6794,105.2821,1.9549,132.5655,-1.4047
96.71,Kota Sorong,Papua Barat Daya,205.7108,26.0703,12.6733,131.3071,-0.867
